/2016/08/23/learn-computer-science-with-go /posts/2016/08/23/learn-computer-science-with-go 301
/2016/08/04/rails-and-react-sitting-in-a-tree /posts/2016/08/04/rails-and-react-sitting-in-a-tree 301
/2016/07/18/binding-es-class-methods-in-react  /posts/2016/07/18/binding-es-class-methods-in-react 301
/2016/04/06/react-native-and-swift-at-forward-4 /posts/2016/04/06/react-native-and-swift-at-forward-4 301
/2016/03/26/adding-seo-to-your-middleman-site /posts/2016/03/26/adding-seo-to-your-middleman-site 301
/2016/03/21/consistently-random-selection-in-go /posts/2016/03/21/consistently-random-selection-in-go 301
/2016/02/08/searching-data-in-react-native /posts/2016/02/08/searching-data-in-react-native 301
/2016/02/03/detectable-links-in-react-native /posts/2016/02/03/detectable-links-in-react-native 301
/2015/12/20/how-to-test-react-native-on-your-device /posts/2015/12/20/how-to-test-react-native-on-your-device 301
/2015/12/19/codenewbie-creating-an-api /posts/2015/12/19/codenewbie-creating-an-api 301
/2015/12/06/adding-swipe-to-delete-in-react-native /posts/2015/12/06/adding-swipe-to-delete-in-react-native 301
/2015/09/13/cleaner-privates-with-dci /posts/2015/09/13/cleaner-privates-with-dci 301
/2015/08/30/deploying-your-ember-app /posts/2015/08/30/deploying-your-ember-app 301
/2015/08/10/why-rust /posts/2015/08/10/why-rust 301
/2015/07/14/start-writing-apis-with-rails /posts/2015/07/14/start-writing-apis-with-rails 301
/2015/05/11/my-guide-to-learning-ember /posts/2015/05/11/my-guide-to-learning-ember 301
/posts/2015/05/05/git-commit---amend /posts/2015/05/05/git-commit-amend 301
/2015/05/05/git-commit-amend /posts/2015/05/05/git-commit-amend 301
/2015/05/05/git-commit---amend /posts/2015/05/05/git-commit-amend 301
/posts/2015/07/06/setting-up-bootstrap-in-ember-in-2-steps  /posts/2015/07/06/setup-bootstrap-in-ember 301
/2015/07/06/setting-up-bootstrap-in-ember-in-2-steps  /posts/2015/07/06/setup-bootstrap-in-ember 301
/posts/2017/05/19/static-applications-&-jamstack /posts/2017/05/19/static-applications-jamstack 301
/posts/2017/11/30/steps-to-migrate-from-the-graphcool-web-ui-to-the-graphcool-framework /posts/2017/11/30/migrating-from-the-graphcool-web-ui-to-the-graphcool-framework 301!

/admin#/ /admin/ 301
/admin /admin/ 301
/admon /admin/ 301
/admin/*  /admin/#   200
